place_id,name,address,rating,total_ratings,website,latitude,longitude,last_updated
ChIJa7p6B1Vu5kcRSDpANDDXydc,"1993 Paristanbul","113 Av. de Saint-Ouen, 75017 Paris, France",4.3,455,,48.8948608,2.3278965,"2025-02-23 23:55:32.421330"
ChIJz-G8zdZt5kcRJ11swtfUd04,Akdeniz,"68 Av. de Flandre, 75019 Paris, France",4.0,207,,48.8887106,2.374751,"2025-02-23 23:55:32.382599"
ChIJM2DPPel65kcRV9wONlk4yo4,"Anamour Kebab Boulogne Billancourt","99 Av. Édouard Vaillant, 92100 Boulogne-Billancourt, France",3.6,2749,,48.8337813,2.2447167,"2025-02-23 23:55:32.370660"
ChIJn6qIRhJu5kcRgbUJK7I_8pA,"Anatolia Village","74 Rue du Château d'Eau, 75010 Paris, France",4.7,575,,48.8726518,2.3551556,"2025-02-23 23:55:32.419973"
ChIJaTZDvVRx5kcRLKGjAUTVmJc,"Anatolie Durum","9 Rue de la Harpe, 75005 Paris, France",4.7,965,,48.8527525,2.3446932,"2025-02-23 23:55:32.403510"
ChIJ-fMFyBtu5kcRvNUnnWQYhrk,Anatolien,"5 Rue aux Ours, 75003 Paris, France",4.4,442,,48.8630189,2.352005,"2025-02-23 23:55:32.423126"
ChIJdc8-WNFt5kcRay4B1d8dPec,"Ancien Grill Istanbul - Merci de faire les commentaires à Orient Durum","4 Rue Mathis, 75019 Paris, France",4.3,247,,48.8907377,2.376234,"2025-02-23 23:55:32.426977"
ChIJYRdisoNs5kcRgB5UgAtdv8c,Antalya,"51 Av. Jean Jaurès, 93350 Le Bourget, France",4.4,146,,48.9324743,2.426133,"2025-02-23 23:55:32.429387"
ChIJgfuo8Oxv5kcRPh3fXYxacz0,"Arc Food","5 Av. Carnot, 75017 Paris, France",4.1,1008,,48.8752203,2.2933457,"2025-02-23 23:55:32.374817"
ChIJXcuuODET5kcRo4P4cjZeKys,"B'nina","34 Av. Edouard Vaillant, 93000 Bobigny, France",4.2,108,,48.9081171,2.4685597,"2025-02-23 23:55:32.403729"
ChIJr-CDmLtv5kcRpMgwUZ23aH0,BAOBAB,"74 Rue St Denis, 75001 Paris, France",4.0,755,,48.861827,2.349323,"2025-02-23 23:55:32.374289"
ChIJ5WIRXKJv5kcR7jsO7-Mak7s,"BERLINER GOURMET - Döner kebab","26 Rue Louis Rouquier, 92300 Levallois-Perret, France",4.7,33,,48.889697,2.2846133,"2025-02-23 23:55:32.394768"
ChIJm4jO8wBt5kcRpxyMTPTYGh8,"BIG FOOD","13 Rue Courtois, 93500 Pantin, France",3.8,308,,48.892063,2.4167264,"2025-02-23 23:55:32.413942"
ChIJi21IzGVv5kcRAoNqlAvlOZw,"BROZ BURGER Kebab burger tacos","48 Bd Gouvion-Saint-Cyr, 75017 Paris, France",4.4,286,,48.8811052,2.2852929,"2025-02-23 23:55:32.365753"
ChIJvWriG81x5kcR4CoAouHsVSI,"Baba Bey","55 Bis Bd du Montparnasse, 75006 Paris, France",3.9,1876,,48.8444831,2.322824,"2025-02-23 23:55:32.373167"
ChIJP49rlABv5kcRUsbkQfVFmF8,"Basis Kebab faubourg","85 Rue du Faubourg Saint-Denis, 75010 Paris, France",4.7,630,,48.8737253,2.3548231,"2025-02-23 23:55:32.385999"
ChIJU1AJWgBv5kcRdQmBzUnDm6Y,"Berliner - Das Original","4 Bd Gallieni, 92390 Villeneuve-la-Garenne, France",3.3,3,,48.9261103,2.3301573,"2025-02-23 23:55:32.402141"
ChIJORRcZQBv5kcRcGl4vmkpBeo,"Berliner Das Original","30 Bd de Clichy, 75018 Paris, France",4.3,249,,48.8827754,2.3368298,"2025-02-23 23:55:32.381550"
ChIJw_dJODVx5kcR9v5O-SeyonE,"Berliner Das Original - Kebab","20 Bd Pasteur, 75015 Paris, France",4.2,846,,48.8426726,2.3123416,"2025-02-23 23:55:32.367440"
ChIJQ4l8frZv5kcRMKSuyQqXsmU,"Berliner Das Original - Kebab","10 Rue Gomboust, 75001 Paris, France",4.1,1194,,48.867438,2.3328015,"2025-02-23 23:55:32.377379"
ChIJCaOVym1v5kcRZh1xwLL6DNw,"Berliner Das Original - Kebab","17 Bd de Bonne Nouvelle, 75002 Paris, France",4.4,267,,48.8700342,2.3502032,"2025-02-23 23:55:32.377988"
ChIJy7Yci9pv5kcRJ251RgATmZA,"Berliner Das Original - Kebab","49 Rue d'Alsace, 92300 Levallois-Perret, France",4.1,237,,48.8934972,2.2991156,"2025-02-23 23:55:32.384925"
ChIJqQOCFVZx5kcRrIRfNXe9_U0,"Berliner Das Original - Kebab","13 Rue Linné, 75005 Paris, France",4.5,73,,48.8445177,2.354531,"2025-02-23 23:55:32.394318"
ChIJQ9zoRVlv5kcRnbwRCzOATV0,"Berliner Das Original - Kebab","16 Rue Joubert, 75009 Paris, France",4.4,344,,48.874696,2.3310365,"2025-02-23 23:55:32.395217"
ChIJ6eG7-0pv5kcRu-PMFeceL1M,"Berliner Das Original - Kebab","Gare du Nord, 25 Rue de Dunkerque, 75010 Paris, France",4.3,740,,48.8799068,2.3540406,"2025-02-23 23:55:32.395780"
ChIJRw4lvtdt5kcRMaNDIjxzjKE,"Berliner Das Original - Kebab","134 Bd Voltaire, 75011 Paris, France",4.3,2188,,48.8569405,2.3812588,"2025-02-23 23:55:32.396139"
ChIJoT31uPlv5kcRc-czFWMYnZw,"Berliner Das Original - Kebab","Centre Commercial Qwartz, 22 Bd Gallieni, 92390 Villeneuve-la-Garenne, France",3.6,134,,48.9254244,2.3292032,"2025-02-23 23:55:32.397476"
ChIJA50jO2Jv5kcRvF3JhGhsPI4,"Berliner Das Original - Kebab","CC Westfield Forum des Halles 101 Porte Berger Place de la Rotonde, près du cinéma UGC, 75001 Paris, France",3.8,703,,48.8627054,2.3441466,"2025-02-23 23:55:32.398190"
ChIJhT_Jp7Zl5kcRiwni7C2Nnh8,"Berliner Das Original - Kebab","les 4 Temps, Centre Commercial Westfield, 15 Parv. de la Défense, 92800 Puteaux, France",4.1,1458,,48.8911675,2.2400833,"2025-02-23 23:55:32.398797"
ChIJpV0D2WV75kcROdeOBoKippQ,"Berliner Das Original - Kebab","Centre Commercial Westfield, 2 Av. de l'Europe, 78140 Vélizy-Villacoublay, France",4.0,357,,48.7823996,2.220463,"2025-02-23 23:55:32.399742"
ChIJIWlcIYV75kcR2lmaZtTjM1U,"Berliner Das Original - Kebab","93 Av. Édouard Vaillant, 92100 Boulogne-Billancourt, France",4.1,966,,48.8339695,2.2452758,"2025-02-23 23:55:32.400196"
ChIJWQC4XQpx5kcRU-f4QF1XJe4,"Berliner Das Original - Kebab","35 Rue Camille Desmoulins, 94230 Cachan, France",3.9,55,,48.7924723,2.3330571,"2025-02-23 23:55:32.400461"
ChIJv-zRw7MN5kcRaiQDK8n-Tuk,"Berliner Das Original - Kebab - FERMÉ","Centre Commercial Régional Créteil-Soleil, 94000 Créteil, France",4.1,572,,48.7793179,2.4557568,"2025-02-23 23:55:32.401213"
ChIJHSENXPdx5kcRaQtiHRvAleQ,"Berliner Strasse Kebap","89 Rue Daguerre, 75014 Paris, France",4.5,497,,48.8358796,2.3242207,"2025-02-23 23:55:32.396931"
ChIJITrNLQVy5kcRK7RpHqsfnjU,"Best Istanbul Grill","26 Bis Bd Diderot, 75012 Paris, France",4.3,1160,,48.8458663,2.3751343,"2025-02-23 23:55:32.407845"
ChIJ__9Pg6dx5kcRO9jnVv6Uge4,"Best Pizza","155 Av. Paul Vaillant Couturier, 94250 Gentilly, France",4.0,118,,48.8168144,2.3326224,"2025-02-23 23:55:32.415038"
ChIJ6dgpPnBu5kcRodRjU5jwHTk,"Big Slime Kebab","222 Rue du Faubourg Saint-Denis, 75010 Paris, France",3.7,331,,48.8848952,2.3591245,"2025-02-23 23:55:32.379850"
ChIJw04RaiJv5kcRCBZeAMDm53U,"Black Pide","83 Rue Marguerite de Rochechouart, 75009 Paris, France",4.8,464,,48.8824336,2.3465994,"2025-02-23 23:55:32.427564"
ChIJfToy2zwT5kcRSRhHXvsH4j4,"Bondy Grill","18 Rue Auguste Polissard, 93140 Bondy, France",4.3,474,,48.9046655,2.479877,"2025-02-23 23:55:32.427328"
ChIJr4KkDbtv5kcRrV3Pv2nPlvI,"Buff Burger","3bis Rue Gabriel Péri, 93200 Saint-Denis, France",4.0,266,,48.9310104,2.3561836,"2025-02-23 23:55:32.387745"
ChIJDfyQ1Xhy5kcRm9qyPqL0AmE,"Buffet Dost","92 Rue d'Avron, 75020 Paris, France",4.3,1204,,48.8525658,2.4058711,"2025-02-23 23:55:32.392801"
ChIJV65zON5z5kcRFSv5UgZJsHI,"Burger Time","129 Av. Gallieni, 94160 Saint-Mandé, France",4.4,389,,48.8460997,2.4169585,"2025-02-23 23:55:32.389095"
ChIJ3W0NvJ5v5kcR8h-_liZTcDg,"C KEBAB Paris","13 Boulevard St Denis, 75002 Paris, France",4.7,533,,48.8692783,2.3537406,"2025-02-23 23:41:29.433869"
ChIJyTcazC9v5kcRa8D6wFhC2eM,"CHEZ NAAN KEBAB","113 Rue de Paris, 92110 Clichy, France",4.6,80,,48.902454,2.3021206,"2025-02-23 23:55:32.376484"
ChIJFw7z5x5u5kcRljiJxA4TxCc,"Carthage II","35 Rue St Denis, 75001 Paris, France",3.3,335,,48.8599664,2.3480627,"2025-02-23 23:55:32.384195"
ChIJBXCGa-Zx5kcROIBIWqvHa8Y,"Casse Croute Grec","4 Rue de l'École Polytechnique, 75005 Paris, France",4.2,552,,48.8475279,2.3482859,"2025-02-23 23:55:32.371088"
ChIJT_ZshVVu5kcRcVYE2EjGBPw,Chamyat,"138 Av. de Saint-Ouen, 75018 Paris, France",4.6,218,,48.8963087,2.3287311,"2025-02-23 23:55:32.412925"
ChIJfVO083505kcRGBkNStCEpJ4,"Chez Mimi","50 Bd de Stalingrad, 94600 Choisy-le-Roi, France",4.2,210,,48.7710198,2.4014166,"2025-02-23 23:55:32.421151"
ChIJrRa-v39y5kcRsQAM1rRNUI8,"Chez Perla Spécialités Turques, Orientale Et Balkanique","147 Rue d'Avron, 75020 Paris, France",5.0,1,,48.8535199,2.4102218,"2025-02-23 23:55:32.417641"
ChIJ-aQnqchv5kcROhfYBKj-f5A,"Chez Teyssier","5 Av. Carnot, 75017 Paris, France",4.8,26,,48.8752456,2.2933861,"2025-02-23 23:55:32.412671"
ChIJtyRdJmdu5kcR1I54OSF7moc,"Chez l'Ami","88 Bd Barbès, 75018 Paris, France",2.8,50,,48.8906024,2.3498586,"2025-02-23 23:55:32.389658"
ChIJd2E4nZNt5kcROaD07Bwzj5A,"Chez les Deux Amis Brocante","52 Rue de Ménilmontant, 75020 Paris, France",4.4,732,,48.8681981,2.3880166,"2025-02-23 23:55:32.428001"
ChIJLxkiVktt5kcRnL202KN_iCY,"Chez les deux amis Gourmet","110 Rue de Ménilmontant, 75020 Paris, France",4.3,287,,48.8695996,2.393599,"2025-02-23 23:55:32.385282"
ChIJPyHxGXFv5kcR6jbnCQuCEbk,"Chilane 18 (spécialités turques)","184 Rue Ordener, 75018 Paris, France",4.6,86,,48.8941328,2.3334918,"2025-02-23 23:55:32.419179"
ChIJozRevCRy5kcR8YdFhpbTUL4,"Croq De Bibliothèque","16 Rue de Tolbiac, 75013 Paris, France",3.7,198,,48.8296445,2.3747018,"2025-02-23 23:55:32.404824"
ChIJ1_QSzCJw5kcRaFXc1VNrSvk,"Croq'nivert ( halal حلال )","8 Rue de la Croix Nivert, 75015 Paris, France",4.1,466,,48.8474262,2.3007033,"2025-02-23 23:55:32.410685"
ChIJEVqpxftv5kcRVV9g0u0BlBw,"Das Happy","98 Rue Ordener, 75018 Paris, France",4.5,366,,48.8929952,2.3418561,"2025-02-23 23:55:32.401392"
ChIJU0f6nQtv5kcRp3QaQqg5V2A,"Doner kebab","3 Rue des Innocents, 75001 Paris, France",2.5,10,,48.860349,2.348038,"2025-02-23 23:32:14.924263"
ChIJ-zFwWax65kcRJ8Ys-EHK1YU,"Doner king","54 Av. Mozart, 75016 Paris, France",3.8,950,,48.855016,2.2695031,"2025-02-23 23:55:32.386431"
ChIJnV6vT5Bv5kcR_YMFT_FgK7Q,"Doner king - HSMP","141 Av. de Villiers, 75017 Paris, France",3.7,274,,48.8853322,2.2926028,"2025-02-23 23:55:32.381361"
ChIJCdlQjM9t5kcRZwX4zICKUeY,Dunya,"123 Av. Jean Jaurès, 75019 Paris, France",4.4,225,,48.8861262,2.3822214,"2025-02-23 23:55:32.371779"
ChIJhbQ8xxJv5kcRzA0F9okKsA8,"DÖNER'S kebab Asnières","304 Av. des Grésillons, 92600 Asnières-sur-Seine, France",4.4,343,,48.9205999,2.3176703,"2025-02-23 23:32:14.924626"
ChIJVSHnaxFu5kcR1nyBThZO4nM,"Délicieux","6 Rue du Faubourg Saint-Denis, 75010 Paris, France",4.1,67,,48.8700735,2.3529169,"2025-02-23 23:55:32.415649"
ChIJq1hyjfRv5kcRhL56RwqmIKo,"Döner","72 Rue de Provence, 75009 Paris, France",4.8,136,,48.8743371,2.3322751,"2025-02-23 23:55:32.428539"
ChIJ0bWKn0Bt5kcRiQ-ONJx2cfc,"Döni Berliner Paris","17 Av. Secrétan, 75019 Paris, France",4.8,1056,,48.8819992,2.3718022,"2025-02-23 23:55:32.393516"
ChIJL8GgAGZv5kcRseOkmPcemio,"Döni Berliner Paris 18","14 Av. de Clichy, 75018 Paris, France",4.8,54,,48.8846807,2.3271824,"2025-02-23 23:55:32.394110"
ChIJCdyjeZpx5kcRtoWtx6mNAYY,"EAT'S TIME","195 Rue de Tolbiac, 75013 Paris, France",3.6,166,,48.8256816,2.3497764,"2025-02-23 23:55:32.414709"
ChIJdXlO2EVz5kcRlLr-gc8fvG8,"Eat Me - Restaurant Paris 12 - Kebab, Burger & Cheese Naan","79 Bd Diderot, 75012 Paris, France",4.4,243,,48.84751,2.386937,"2025-02-23 23:55:32.367914"
ChIJo3Uo5nlw5kcRrbqQ2iFg5fc,"Eat Meat","1 Rue du Général Leclerc, 92130 Issy-les-Moulineaux, France",4.4,569,,48.8267629,2.2791193,"2025-02-23 23:55:32.411815"
ChIJCaEB2MNv5kcRHg3Cc8yBiZM,"Eat Meat Halal restaurant","63 Rue de Ponthieu, 75008 Paris, France",4.5,739,,48.8722426,2.3044859,"2025-02-23 23:55:32.412390"
ChIJVdENFn5t5kcRNucd7RlDIYo,"Efendi Grill House","Juste à côté de ponte, 175 Av. de Flandre, 75019 Paris, France",4.4,2002,,48.8947363,2.381763,"2025-02-23 23:55:32.429128"
ChIJSc_zy6ls5kcRTsfgqfhn8rA,"Efendy kebab","194 Rue Anatole France, 93700 Drancy, France",4.2,470,,48.9336028,2.4555267,"2025-02-23 23:55:32.379669"
ChIJGQsFyVdv5kcREzybyJVCjBk,"Ephese - Kebab Paris 9","1 Pl. de Budapest, 75009 Paris, France",4.7,400,,48.8770352,2.3271938,"2025-02-23 23:55:32.423360"
ChIJlX_LOmdu5kcRVj60LiNlyio,"Extra Doner","69 Bd Barbès, 75018 Paris, France",4.0,203,,48.8906499,2.3494016,"2025-02-23 23:55:32.381156"
ChIJ1_6Tb09u5kcR4LlcQCemCdE,"Falafel Salle au 1er Étage","62 Bd de Clichy, 75018 Paris, France",4.1,164,,48.8834162,2.3347003,"2025-02-23 23:55:32.391728"
ChIJF4-IVONz5kcR3fxPvNxy1pE,"Fantastyk - Street food Paris 12","92 Av. du Dr Arnold Netter, 75012 Paris, France",4.8,554,,48.8469211,2.4063479,"2025-02-23 23:55:32.422848"
ChIJb0Cx8HRv5kcRMAdjloMLJNs,"Fontaine Food","9 Rue Pierre Fontaine, 75009 Paris, France",4.5,145,,48.8811103,2.3344668,"2025-02-23 23:41:29.418960"
ChIJv8aSQVpv5kcR8_wrmq9TDEM,"Food Court (Porte Champerret)","5 Bd Gouvion-Saint-Cyr, 75017 Paris, France",3.8,31,,48.8852477,2.2912977,"2025-02-23 23:55:32.390829"
ChIJwRKfratx5kcRi9zXM3shUCg,"Fresh Kebab","63 Rue Dauphine, 75006 Paris, France",2.8,291,,48.8537179,2.3385926,"2025-02-23 23:55:32.375485"
ChIJo4b0R1lz5kcRaLBxyGBH9AU,"GEMS Kebab berliner","102 Rue du Faubourg Saint-Antoine, 75012 Paris, France",4.7,338,,48.8510558,2.3766215,"2025-02-23 23:55:32.366254"
ChIJJWZlZB9v5kcRBi5teyuum-M,"GEMÜSE - Berliner Kebap","61 Rue Ramey, 75018 Paris, France",4.6,2255,,48.8905954,2.3453692,"2025-02-23 23:55:32.394558"
ChIJFVjSeb9t5kcRmf5U7__NuYQ,"GRILL ADANA","83 Rue de la Roquette, 75011 Paris, France",4.5,101,,48.8570178,2.3781993,"2025-02-23 23:55:32.380341"
ChIJRQNPH4Fx5kcRBpEggIvOdyU,"GRILL AGORA","158 Bd Masséna, 75013 Paris, France",4.1,155,,48.8193642,2.3608142,"2025-02-23 23:29:51.081655"
ChIJv-WmSG1u5kcRI5eXEWUQ0LA,"GRILL ISTANBUL RESTAURANT TURC","126 Rue du Faubourg Saint-Denis, 75010 Paris, France",4.3,362,,48.8767906,2.3563478,"2025-02-23 23:55:32.429905"
ChIJV3Khe_Vu5kcRdVGPREuqqkI,"Galatasaray Restaurant","76 Bd Ornano, 75018 Paris, France",4.3,408,,48.8968971,2.3455138,"2025-02-23 23:55:32.425892"
ChIJ7YrjWBhw5kcR6zcHbAAkhoY,"Grenelle Food","105 Bd de Grenelle, 75015 Paris, France",3.4,573,,48.8495582,2.2971687,"2025-02-23 23:55:32.375229"
ChIJC-xySJNt5kcRsCdinhoikpo,"Grill & Kebab","101bis Rue de Ménilmontant, 75020 Paris, France",4.7,326,,48.8691565,2.3912056,"2025-02-23 23:55:32.390294"
ChIJq7UNSNJt5kcRyLWZCJrlh5c,"Grill Ephes","75019 Paris, France",3.8,179,,48.8920953,2.3790557,"2025-02-23 23:55:32.426427"
ChIJobnWw_Bt5kcRPQLW1RLrgww,"Grill Ephes 2","8 Av. de Flandre, 75019 Paris, France",3.9,41,,48.8847055,2.3698529,"2025-02-23 23:55:32.427799"
ChIJ6_mDxioT5kcRA3Qe0aOrC80,"Grill Istanbul","10 Bd de la République, 93130 Noisy-le-Sec, France",4.1,137,,48.8955783,2.4614163,"2025-02-23 23:55:32.407070"
ChIJq-nEP59x5kcRxGoeYSauxzc,"Grill Istanbul","10 Bd Jourdan, 75014 Paris, France",3.8,284,,48.819847,2.343376,"2025-02-23 23:55:32.426802"
ChIJmRlW2gRy5kcRbFMxHwYjVGM,"Grill Istanbul Kebab","4 Rue Michel Chasles, 75012 Paris, France",4.1,770,,48.8463091,2.3740297,"2025-02-23 23:55:32.369933"
ChIJfd44i61t5kcRZrtTg3Y-gFE,"Grill Mazlum","63 Av. Jean Lolive, 93500 Pantin, France",3.9,399,,48.8915776,2.4039427,"2025-02-23 23:55:32.408507"
ChIJ19bwFAhl5kcRPxXQNp8lhE0,"Grill d'Istanbul","77 Rue de Bezons, 92400 Courbevoie, France",4.1,1537,,48.8972009,2.2478392,"2025-02-23 23:55:32.416510"
ChIJob-21cMS5kcRr5_ZzHV6TU0,"Grill istanbul","15 All. Gabriel Zirnhelt, 93110 Rosny-sous-Bois, France",4.0,791,,48.877918,2.4790588,"2025-02-23 23:17:03.575430"
ChIJw3l_xVVr5kcRpCHnveaz7Io,"Grill istanbul","10 Av. Pierre et Marie Curie, 93150 Le Blanc-Mesnil, France",4.0,128,,48.9362587,2.4591872,"2025-02-23 23:55:32.426605"
ChIJS9RXQn5x5kcRzaAUuCbxfcQ,"Grill İstanbul","62 Av. de Fontainebleau, 94270 Le Kremlin-Bicêtre, France",4.6,935,,48.8120222,2.3613825,"2025-02-23 23:55:32.415976"
ChIJzy5U7a5x5kcRfPGRdd9PSv0,"Grillades Istanbul (Chez Gentillesse)","106 Bd Jourdan, 75014 Paris, France",4.3,675,,48.8232524,2.3263315,"2025-02-23 23:55:32.420416"
ChIJcceVA15u5kcRug9SXEf4-d4,H,"93 Rue Ordener, 75018 Paris, France",3.6,49,,48.8919138,2.3471576,"2025-02-23 23:55:32.425714"
ChIJ8b8Io-Zt5kcRON2HIfRZg8M,"HBA Délices d'orient","100 Rue du Faubourg du Temple, 75011 Paris, France",4.0,101,,48.8712264,2.3748531,"2025-02-23 23:55:32.422116"
ChIJO4fOwQpv5kcR_HvA4XsirDg,"Hélia","16 Rue du Colisée, 75008 Paris, France",4.7,2360,,48.8707248,2.3085568,"2025-02-23 23:32:14.967118"
ChIJgxezFYxx5kcRZthx2_32e0c,"Hêvî","168 Bd Vincent Auriol, 75013 Paris, France",4.5,750,,48.8318315,2.3580583,"2025-02-23 23:55:32.423911"
ChIJLY3TTpRx5kcR2e0bZk5_i9U,IZGARA,"34 Rue Mouffetard, 75005 Paris, France",4.6,303,,48.843948,2.3493291,"2025-02-23 23:55:32.406312"
ChIJx3YmCQBv5kcRtpRvJpUIfOo,"Impact Berliner Kebap","185 Rue St Denis, 75002 Paris, France",4.8,196,,48.8660337,2.3505642,"2025-02-23 23:55:32.383561"
ChIJYdb214lt5kcRfewr8U8Iiss,"Impact Berliner Kebap","119 Rue du Chemin Vert, 75011 Paris, France",4.8,1191,,48.8617852,2.3828718,"2025-02-23 23:55:32.395596"
ChIJe5l5V3Bt5kcRqc40x18TBl8,"Impact Berliner Kebap","42 Rue du Faubourg du Temple, 75011 Paris, France",4.6,60,,48.8692369,2.3689042,"2025-02-23 23:55:32.396340"
ChIJGbkhMLZt5kcRYnRus9W4HBs,"Istanbul Gourmand bar kebab","206 Av. Jean Jaurès, 75019 Paris, France",3.0,528,,48.8885002,2.392674,"2025-02-23 23:55:32.386675"
ChIJ62XciYFs5kcRUvjEPMvTlUw,"Istanbul Grill","49 Av. de la Division Leclerc, 93350 Le Bourget, France",4.4,1042,,48.933522,2.424154,"2025-02-23 23:55:32.430159"
ChIJ89nM2vtt5kcRHWhcIhFzfGY,"Istanbul Kebab","2 Rue de la Folie Méricourt, 75011 Paris, France",4.4,60,,48.8612641,2.3749795,"2025-02-23 23:55:32.378198"
ChIJfUOe-D5u5kcRBq6edD3cC2w,"Istanbul Kebab","26 Rue du Faubourg Montmartre, 75009 Paris, France",4.1,198,,48.8735188,2.3430292,"2025-02-23 23:55:32.379219"
ChIJjbDX1L9t5kcRX57cYyoSTSw,"KB - Kebab Berliner - Bagnolet","101 Av. Gambetta, 93170 Bagnolet, France",4.3,231,,48.8719397,2.4185033,"2025-02-23 23:55:32.396522"
ChIJd196YLt75kcR6aH3wcBZQeM,"Kaiser Kebab","106 Av. Édouard Vaillant, 92100 Boulogne-Billancourt, France",4.3,649,,48.8341364,2.2445229,"2025-02-23 23:55:32.371541"
ChIJwXK1egBv5kcRciEBG_ZKAsM,"Keb Kit","54 Rue des Acacias, 75017 Paris, France",4.0,47,,48.8778289,2.293566,"2025-02-23 23:55:32.388306"
ChIJkZRH6bpx5kcR3UebDHkes-o,"Kebab Alésia","37 Rue d'Alésia, 75014 Paris, France",3.7,465,,48.8276516,2.3326027,"2025-02-23 23:55:32.368584"
ChIJKSFHWfZx5kcRYPvAbDMt9o8,"Kebab Austerlitz","14 Bd de l'Hôpital, 75005 Paris, France",2.9,79,,48.8424087,2.3632837,"2025-02-23 23:55:32.392278"
ChIJkRIaNgBx5kcR-WZTWVXZDE8,"Kebab BOSQUETS","71 Av. Bosquet, 75007 Paris, France",3.7,104,,48.8556715,2.3052811,"2025-02-23 23:55:32.381791"
ChIJedMkluBx5kcR918n7d9CCas,"Kebab Barrio Latino","26 Rue Saint-Séverin, 75005 Paris, France",4.4,161,,48.852509,2.3450875,"2025-02-23 23:55:32.368108"
ChIJ5abcYxVy5kcRhi9yb7Ea-ZQ,"Kebab Bercy","8 Rue de Dijon, 75012 Paris, France",3.8,533,,48.8354741,2.3859187,"2025-02-23 23:55:32.370296"
ChIJAQCwdk5u5kcRBeT_2IYq_jg,"Kebab Clichy","8 Rue Caulaincourt, 75018 Paris, France",4.4,71,,48.8851278,2.3305395,"2025-02-23 23:55:32.366882"
ChIJCWtRKQBv5kcRMZCPOyMdcVo,"Kebab Fait Maison","42 Bd Jules Guesde, 93200 Saint-Denis, France",5.0,1,,48.9366269,2.3502937,"2025-02-23 23:55:32.391999"
ChIJ9dzpEetv5kcRNYfME0HezFw,"Kebab Fresh Tacos","28 Bd de Clichy, 75018 Paris, France",4.4,202,,48.8827149,2.3370256,"2025-02-23 23:55:32.389275"
ChIJwzNB0Llx5kcR1Vo-Dgzw2XQ,"Kebab Halal","3 Av. du Général Leclerc, 75014 Paris, France",3.6,418,,48.8333465,2.3319823,"2025-02-23 23:55:32.375026"
ChIJxV0y-qdt5kcRqe_tvTSmytw,"Kebab Halal Star Food 11","52 Av. de la République, 75011 Paris, France",4.5,131,,48.8649632,2.3753378,"2025-02-23 23:55:32.369110"
ChIJm7YQISBx5kcRIH2M_pK0AJo,"Kebab King","19 Av. du Général Leclerc, 92340 Bourg-la-Reine, France",4.2,20,,48.7863988,2.3182986,"2025-02-23 23:55:32.390473"
ChIJefUjuC9v5kcRpsVQs9_isnU,"Kebab Maître Hesham","56 Bd de Clichy, 75018 Paris, France",2.2,29,,48.883301,2.3350993,"2025-02-23 23:55:32.377140"
ChIJ1aiCTDZs5kcReyhhg2S7XSo,"Kebab Pantin","64 Av. Jean Jaurès, 93500 Pantin, France",4.2,92,,48.9029694,2.3916337,"2025-02-23 23:55:32.376295"
ChIJ70A0Of5x5kcRBdRtEKKsY8k,"Kebab de Turenne","1 Rue de Turenne, 75004 Paris, France",3.7,57,,48.8548323,2.3629172,"2025-02-23 23:29:51.041093"
ChIJUdT5Zpdv5kcRMWx8t8ELKMg,"Kebab gourmet","10 Rue Marx Dormoy, 75018 Paris, France",4.3,40,,48.8854672,2.3596786,"2025-02-23 23:55:32.368374"
ChIJf44hoPJv5kcRY51z1QjARz4,"Kebab Élysée","2 Rue des Acacias, 75017 Paris, France",3.4,520,,48.8760299,2.2897466,"2025-02-23 23:55:32.371351"
ChIJRYHqrNdx5kcR9lU7wBwI5kc,"Kebab's Friend ""Berliner""","60 Av. du Général Leclerc, 75014 Paris, France",4.0,85,,48.8299354,2.3284069,"2025-02-23 23:55:32.395407"
ChIJx_A8vKxz5kcR0OVDAiTF5Ns,"Kebab's Friend Berliner Ivry","10 bis Rue Barbès, 94200 Ivry-sur-Seine, France",5.0,5,,48.8176909,2.3730642,"2025-02-23 23:55:32.401030"
ChIJN7kMq8Jx5kcR6vVw9L27V0A,Kehribar,"1 Rue des Fossés Saint-Jacques, 75005 Paris, France",4.7,3598,,48.8460893,2.343356,"2025-02-23 23:55:32.419612"
ChIJUYsiPohx5kcRDwtrl8sPMnQ,"King Food","6 Rue Charles Moureu, 75013 Paris, France",3.7,196,,48.8269507,2.36335,"2025-02-23 23:55:32.388914"
ChIJlb4SIFNv5kcRslxw1T8k8FA,"Koul Kebab","46 Rue Véron, 75018 Paris, France",4.6,550,,48.885359,2.3346135,"2025-02-23 23:55:32.378758"
ChIJBxeQyA5v5kcRQAoFVkGsZVU,"L'Atelier Dürüm","41 Rue de Clignancourt, 75018 Paris, France",4.6,2267,,48.8863258,2.347433,"2025-02-23 23:55:32.405013"
ChIJL0xGMKNy5kcRSJ_CErfDerE,"L'Escale du Château","12 Av. de Paris, 94300 Vincennes, France",4.3,534,,48.844851,2.437199,"2025-02-23 23:55:32.412114"
ChIJHSeMkW1u5kcRzYLNEl_-qsI,"L'Oasis Du Nord","10 Rue de Dunkerque, 75010 Paris, France",2.4,159,,48.8796259,2.3578468,"2025-02-23 23:55:32.405504"
ChIJBWBuLC9v5kcRqI_AwXe5hIU,"La Boule Maître Kebabier","118 Rue St Denis, 75002 Paris, France",4.3,717,,48.864517,2.3502802,"2025-02-23 23:55:32.392587"
ChIJlwDOcFpt5kcR6_TNY7PZSgg,"La Boule Maître Kebabier","219 Av. Jean Jaurès, 93700 Drancy, France",4.1,1336,,48.915897,2.4594125,"2025-02-23 23:55:32.408994"
ChIJzbWF7Wxz5kcRq65oPUPorWE,"La Broche - Kebab Berlinois Paris 5","12 Rue Monge, 75005 Paris, France",4.9,150,,48.8489922,2.349607,"2025-02-23 23:29:51.061361"
ChIJHXvLFvht5kcRFA3O00Jrx9U,"La Cappadoce- Restaurant Turc Paris","98 Rue de la Roquette, 75011 Paris, France",4.6,1362,,48.8565433,2.3774455,"2025-02-23 23:55:32.405243"
ChIJHdkv1l9u5kcRIxPBTcFBDvs,"La Cascade Istanbul","42 Bd Ornano, 75018 Paris, France",4.1,253,,48.8944296,2.3475837,"2025-02-23 23:55:32.404641"
ChIJFwUoRR9x5kcRcA35Avnf8g4,"La Maison du Kebab","23 Rue Saint-André des Arts, 75006 Paris, France",3.5,119,,48.8532714,2.3425931,"2025-02-23 23:55:32.388095"
ChIJ8SnJMGFw5kcRhGOYyfWHd4A,"La Sirène de Vanves","23 Rue Jean Bleuzen, 92170 Vanves, France",4.3,246,,48.8214759,2.2928144,"2025-02-23 23:55:32.372152"
ChIJPQBOGfpx5kcR4ZFRiZ_dxnE,"La Voie Lactée","34 Rue du Cardinal Lemoine, 75005 Paris, France",4.5,618,,48.8473314,2.3523527,"2025-02-23 23:41:29.483962"
ChIJ_-KK3-pv5kcR0S9gAoVGYUQ,"Le Berlinois - KEBAP","64B Rue du Ruisseau, 75018 Paris, France",4.7,620,,48.894911,2.3410127,"2025-02-23 23:55:32.397706"
ChIJbxL_nIZx5kcRnqRKnWgZrQ0,"Le Bosphore","109 Av. d'Italie, 75013 Paris, France",4.0,415,,48.8224549,2.3588017,"2025-02-23 23:55:32.385104"
ChIJq259V75t5kcRY2qvGjZAwLs,"Le Bosphore Restaurant Spécialités Turques","9 Rue Louise Thuliez, 75019 Paris, France",0.0,0,,48.8776638,2.3947635,"2025-02-23 23:55:32.422601"
ChIJp50KlcNp5kcRxnbCmsbjoqU,"Le Classico","133 Rue Gabriel Péri, 93200 Saint-Denis, France",5.0,15,,48.9405741,2.3564278,"2025-02-23 23:55:32.407338"
ChIJH0j_tbFx5kcRfbkr-EL-XaQ,"Le Constant - Les 3 broches","11bis Rue Roger Salengro, 94270 Le Kremlin-Bicêtre, France",4.5,279,,48.8147898,2.3620142,"2025-02-23 23:55:32.403912"
ChIJwxxWM5Nt5kcR7Wr-w2nMCgY,"Le Mezze du chef çig köfte","80 Rue de Ménilmontant, 75020 Paris, France",4.5,815,,48.8688463,2.3906898,"2025-02-23 23:55:32.421707"
ChIJo18p6qhv5kcRITPlxEutaEA,"Le Mondial - Meilleur kebab de Paris","190 bis Av. de Clichy, 75017 Paris, France",4.4,474,,48.8938967,2.3147238,"2025-02-23 23:55:32.402471"
ChIJIxrndX9x5kcRORwFOtmScTQ,"Le Pacha","24 Av. de Fontainebleau, 94270 Le Kremlin-Bicêtre, France",4.3,1452,,48.8145987,2.3605538,"2025-02-23 23:55:32.415242"
ChIJVduhlhdu5kcRI9vF10vMi10,"Le Paristanbul","37 Rue des Petits Carreaux, 75002 Paris, France",4.3,222,,48.8677212,2.3472734,"2025-02-23 23:55:32.428951"
ChIJB4YJbBFu5kcRiRA6P03AUzU,"Le Rapide","8 Rue du Faubourg Montmartre, 75009 Paris, France",3.6,167,,48.8721155,2.3433099,"2025-02-23 23:55:32.413425"
ChIJmXdeThVw5kcRCBJXhmdQo9c,"Le Royal Palace","337 Rue de Vaugirard, 75015 Paris, France",4.1,378,,48.8374268,2.2970521,"2025-02-23 23:55:32.410864"
ChIJ_dOIECxt5kcR0zvUq7mjEKs,"Le Ryad","199 Rue de Crimée, 75019 Paris, France",4.4,69,,48.8913818,2.375761,"2025-02-23 23:55:32.390102"
ChIJUST3lBZ75kcRo6mwBQdKHdc,"Le Village - Hamburger Kebab Pizza","1 Rue André Chénier, 92130 Issy-les-Moulineaux, France",3.7,120,,48.8236835,2.2729011,"2025-02-23 23:55:32.373807"
ChIJUdDz21tv5kcRGkDSOIzl_AI,"Le gourmet. Kebab tacos pizza hamburger","48 Bd Gouvion-Saint-Cyr, 75017 Paris, France",5.0,2,,48.8811067,2.2853755,"2025-02-23 23:55:32.388487"
ChIJW1B199ht5kcR9yPCnGdIE80,"Les Délices d'Amour","3 Av. Jean Jaurès, 75019 Paris, France",4.0,1023,,48.8832079,2.3712284,"2025-02-23 23:55:32.403053"
ChIJmYDdwNht5kcRDahroNeiIr0,"Les Délices d'Antalya","190 Bd de la Villette, 75019 Paris, France",4.3,288,,48.8819043,2.3705735,"2025-02-23 23:55:32.410145"
ChIJsQzdpg5u5kcRKPmLcl1rle0,"Living Food","54 Rue Albert Thomas, 75010 Paris, France",4.4,216,,48.8707425,2.3617149,"2025-02-23 23:55:32.388703"
ChIJYYoVlgBv5kcRZkd7xd-BKiI,"Los Brothers","73 Rue St Denis, 75001 Paris, France",4.5,6668,,48.8616721,2.3489203,"2025-02-23 23:55:32.369749"
ChIJwyoManUN5kcRMTeLtxqGdRw,"LÜKS Kebab Créteil","13 Rue d'Estienne d'Orves, 94000 Créteil, France",4.8,452,,48.791763,2.46265,"2025-02-23 23:55:32.386960"
ChIJEzOWXB5t5kcRJAnV_5BXHQo,"LÜKS Kebab Paris 11","19 Rue Popincourt, 75011 Paris, France",4.6,258,,48.8577455,2.3769356,"2025-02-23 23:55:32.386240"
ChIJ0Tk7Gotx5kcREtPFlGY3lFc,"LÜKS Kebab Paris 13","6 Rue du Père Guérin, 75013 Paris, France",4.4,4924,,48.8304986,2.3543762,"2025-02-23 23:55:32.376710"
ChIJfYo64FVl5kcRY7pRdtZAUHE,"Mac Doner","64 Rue de la Pompe, 75016 Paris, France",3.7,343,,48.8625615,2.27634,"2025-02-23 23:41:29.440318"
ChIJnVmUTlNt5kcRuN8lXef0f_g,"Mac Doner","49 Bd Voltaire, 75011 Paris, France",2.8,114,,48.8624726,2.3726964,"2025-02-23 23:55:32.382069"
ChIJty3aEGxu5kcRv2bmr4Pu6SE,"Maison Du Kebab","24 Rue de Dunkerque, 75010 Paris, France",3.6,575,,48.8805329,2.3530619,"2025-02-23 23:55:32.387238"
ChIJlydgaBFu5kcR4V19MKwFE-k,"Mardin Soupe - Çorba salonu","19 Rue du Faubourg Saint-Denis, 75010 Paris, France",4.6,648,,48.8705243,2.3529373,"2025-02-23 23:55:32.421525"
ChIJq6p-sRNu5kcRgaSys8ZVcEw,"Marmara Restaurant Paris 10 - Depuis 1990","3 R. des Petites Écuries, 75010 Paris, France",3.8,330,,48.872851,2.3538954,"2025-02-23 23:55:32.414210"
ChIJKZka4bBx5kcR8c2zyKu_Yi8,"Matisse Food Paris","60 Av. du Général Leclerc, 75014 Paris, France",4.5,861,,48.8299354,2.3284062,"2025-02-23 23:55:32.411049"
ChIJF3Tr6i9z5kcR1W_6kGIM1aM,Meister,"25 All. Parmentier, 94000 Créteil, France",4.4,1122,,48.7865614,2.4451986,"2025-02-23 23:17:03.570789"
ChIJR5FrLEtt5kcREqmkoSh5CqE,Meister,"155 Rue de Crimée, 75019 Paris, France",4.6,643,,48.8877771,2.3800086,"2025-02-23 23:55:32.370475"
ChIJr5u0Ikdt5kcRB795i22RITk,Meister,"117 Av. Jean Jaurès, 93300 Aubervilliers, France",4.4,154,,48.9069884,2.3953586,"2025-02-23 23:55:32.383084"
ChIJvZq2mldx5kcR1HTex3GlwYc,Meister,"25 Av. Aristide Briand, 94230 Cachan, France",4.7,734,,48.800073,2.3236271,"2025-02-23 23:55:32.384746"
ChIJTQricQBv5kcRyiP9jozuVbU,Meister,"64 Bd Victor Hugo, 93400 Saint-Ouen-sur-Seine, France",4.3,106,,48.9093544,2.3292586,"2025-02-23 23:55:32.397242"
ChIJ0_DPjKVt5kcRZ7SuywCcYMU,Meister,"22 Bd de la Liberté, 93260 Les Lilas, France",4.8,257,,48.8798136,2.4178532,"2025-02-23 23:55:32.397941"
ChIJzaYP8Xpv5kcRJAtL_Crftfg,"Meister Berliner Kebap - CLICHY","15 Rue de l'Ancienne Mairie, 92110 Clichy, France",4.7,211,,48.9035544,2.3029613,"2025-02-23 23:55:32.383325"
ChIJj3OKK2lx5kcRuPjHa773v9M,"Meister Berliner Kebap - Montparnasse","37 Bd du Montparnasse, 75006 Paris, France",4.9,299,,48.8449936,2.3211625,"2025-02-23 23:55:32.395960"
ChIJxwJ9Jk9z5kcRJEuZysOL8yo,"Meister Berliner kebap - ivry sur Seine","86 Bd Paul Vaillant Couturier, 94200 Ivry-sur-Seine, France",4.8,190,,48.8166645,2.3993918,"2025-02-23 23:55:32.393925"
ChIJ33au_xNu5kcRg3zBt7fkVFg,"Mesken - Paris Börekçisi","15 Rue de l'Échiquier, 75010 Paris, France",4.5,150,,48.871183,2.3518702,"2025-02-23 23:55:32.424095"
ChIJNwZ2AzNv5kcRLQj5VpYZuEc,"Monsieur Kebab","32 Rue Cave, 75018 Paris, France",4.7,280,,48.8867933,2.3537985,"2025-02-23 23:55:32.399519"
ChIJBf3w9hZv5kcRoQWPpk5Xb5w,"Mopa Döner","3 Rue Pierre Fontaine, 75009 Paris, France",5.0,155,,48.8808794,2.3346305,"2025-02-23 23:55:32.400847"
ChIJr_qJed5v5kcR1PPwdl6vdsY,"Munich Kebab","71 Rue du Faubourg Saint-Denis, 75010 Paris, France",4.5,554,,48.8727662,2.3541959,"2025-02-23 23:55:32.380155"
ChIJy2M_e79z5kcR29NsigXs7MI,Mutfak,"9 Rue Rondelet, 75012 Paris, France",4.9,109,,48.8468007,2.3851121,"2025-02-23 23:55:32.420597"
ChIJLWqOXkpu5kcRQqstheMJ4Uk,"MÉLODIE","22 Rue d'Amsterdam, 75008 Paris, France",3.9,1148,,48.8768016,2.3271123,"2025-02-23 23:55:32.383794"
ChIJI_OCaqht5kcRdSFqlmPAjJM,"Méga kebab","94 Rue de Belleville, 75020 Paris, France",3.2,47,,48.8737686,2.3852338,"2025-02-23 23:55:32.376055"
ChIJowjbFDhv5kcR03J3Np9lrB0,"Mélodie","6 Rue du Faubourg Saint-Denis, 75010 Paris, France",4.6,95,,48.8700617,2.3529108,"2025-02-23 23:55:32.429666"
ChIJqx7cZWZz5kcRwWp4by_CTtE,NEFIS,"67 Rue Nationale, 75013 Paris, France",4.5,753,,48.8264501,2.3666269,"2025-02-23 23:55:32.424825"
ChIJEcUf4SFx5kcRL7zuoKLPEWM,"Naan Stop","108 Av. Albert Petit, 92220 Bagneux, France",4.4,1052,,48.796061,2.3214509,"2025-02-23 23:55:32.410325"
ChIJLc4cNa1v5kcRnZ1_84wt3IY,"Naan Stop 17 eme","78 Av. de Clichy, 75017 Paris, France",4.8,1548,,48.8882667,2.3244614,"2025-02-23 23:55:32.409740"
ChIJRxnQVWpy5kcRVbrWACRco6c,"Naan Stop Charenton","260 Rue de Charenton, 75012 Paris, France",4.5,1426,,48.8373875,2.3909409,"2025-02-23 23:55:32.409940"
ChIJ10dRIxFw5kcRKZmAPWxT-oo,"Naan style (by Stella)","90 Rue des Entrepreneurs, 75015 Paris, France",3.7,545,,48.844076,2.291719,"2025-02-23 23:55:32.411531"
ChIJQQCeQxlu5kcRYyJkggNRXt4,"Nabab Kebab","72 Rue Rambuteau, 75001 Paris, France",3.4,1464,,48.8621474,2.3497692,"2025-02-23 23:55:32.389456"
ChIJfVJMDa1z5kcRzRvMJA_lLUw,"Nabab Kebab (Montreuil)","288 Rue de Paris, 93100 Montreuil, France",3.2,177,,48.8547167,2.4160246,"2025-02-23 23:55:32.390651"
ChIJMygQwEdv5kcR9P2hap-jV0k,"Nawab Kebab","252 Rue du Faubourg Saint-Martin, 75010 Paris, France",3.1,209,,48.8824948,2.3671142,"2025-02-23 23:55:32.372864"
ChIJFfEBekdz5kcRP5Y3ZhueE-E,"Nawab kebab","98 Rue d'Avron, 75020 Paris, France",3.2,161,,48.8526486,2.4063431,"2025-02-23 23:55:32.373405"
ChIJ3fUFluBx5kcRSuE0h5SgB9A,"New Antalya","24 Rue Saint-Séverin, 75005 Paris, France",4.0,748,,48.8524628,2.3452496,"2025-02-23 23:55:32.375809"
ChIJ1zHvFb565kcRAnzPJiqAjHo,"New Delice's","135 Rue Michel Ange, 75116 Paris, France",3.9,621,,48.8388108,2.2576646,"2025-02-23 23:55:32.374050"
ChIJrQE91vlv5kcREQMvxlqUohA,"New Delice's","41 Rue des Belles Feuilles, 75016 Paris, France",3.6,361,,48.8674332,2.2813713,"2025-02-23 23:55:32.391515"
ChIJRynUN4Vv5kcRV2gCBi0i_to,Noor,"12 Bd de Clichy, 75018 Paris, France",2.9,85,,48.8824151,2.3385393,"2025-02-23 23:55:32.376904"
ChIJn8QDQoFx5kcRtEw9_TjwQKI,"O'Grill","48 Av. de Fontainebleau, 94270 Le Kremlin-Bicêtre, France",4.2,336,,48.8129488,2.36112,"2025-02-23 23:55:32.374552"
ChIJtf9Odn9x5kcRDYqrQ0-cabE,"O'Zaman","20 Av. de Fontainebleau, 94270 Le Kremlin-Bicêtre, France",4.4,1476,,48.8148209,2.3605299,"2025-02-23 23:55:32.402654"
ChIJaxU6JzRv5kcRskYJEeXTEPE,"O'paname Kebab","10 Rue d'Anjou, 92600 Asnières-sur-Seine, France",4.3,315,,48.9055426,2.283096,"2025-02-23 23:55:32.369537"
ChIJ6VnuT8dt5kcRkfcwadJW2qY,"Orient dürüm","4 Rue Mathis, 75019 Paris, France",4.9,160,,48.8907332,2.3762333,"2025-02-23 23:55:32.419424"
ChIJq0SXAcBt5kcRGP7JHx9jW9M,"Osnack kebab Belleville","155 Rue de Belleville, 75019 Paris, France",4.6,57,,48.8755343,2.3908271,"2025-02-23 23:55:32.372351"
ChIJQe37ABVu5kcREEJIS8-mWi0,Ozlem,"57 R. des Petites Écuries, 75010 Paris, France",4.5,1128,,48.8739054,2.3485431,"2025-02-23 23:55:32.420973"
ChIJf6oeXU1u5kcR9ZrTTBHmEno,"O’Nan Kebab","39 Av. de Clichy, 75017 Paris, France",3.8,312,,48.8863641,2.3257797,"2025-02-23 23:55:32.370116"
ChIJv-oAvMxv5kcRO_ox8mJixTQ,"O’berlinois","165 Av. Victor Hugo, 75116 Paris, France",4.5,539,,48.8663594,2.2778484,"2025-02-23 23:55:32.399943"
ChIJdwazmn5v5kcRxyybhHJmf6k,"PARIS-BERLIN le kebab qui vient de l’est","1 Rue de Budapest, 75009 Paris, France",4.7,337,,48.8759558,2.3276223,"2025-02-23 23:55:32.393715"
ChIJ444opuVx5kcRJ3GbqvN_wVk,"Pacha Restaurant","4 Bis Rue des Écoles, 75005 Paris, France",4.6,451,,48.8478811,2.3519818,"2025-02-23 23:32:14.967777"
ChIJv6imLAUN5kcR0xDtNbaMhoE,"Palm pizza kazarta","34 Av. du Général de Gaulle, 94500 Champigny-sur-Marne, France",4.1,140,,48.8209591,2.4878637,"2025-02-23 23:17:03.559569"
ChIJyRJ3K7Fx5kcRK7aUFN9_drA,"Paris Istanbul","16 Rue Brézin, 75014 Paris, France",4.4,150,,48.8312412,2.3280268,"2025-02-23 23:29:51.073870"
ChIJJVLNQ-xv5kcRiK7ndCOJ22A,Paristanbul,"116 Rue du Faubourg Saint-Martin, 75010 Paris, France",4.8,981,,48.8739776,2.3586122,"2025-02-23 23:55:32.428178"
ChIJVxav_mdu5kcRRv4Iown--_c,"Paristanbul - Montmartre - Berliner","47 Rue de Clignancourt, 75018 Paris, France",4.6,155,,48.88667,2.3475006,"2025-02-23 23:55:32.401858"
ChIJTcJSNhVy5kcR4Q3vxdk9JKA,"Pedra Alta Bercy","13 Pl. Lachambeaudie, 75012 Paris, France",3.8,3303,,48.8366742,2.3872837,"2025-02-23 23:55:32.423731"
ChIJgZ2dSxJu5kcRPYUHtpkb6AY,"Pizza Grill Istanbul","66 Rue du Faubourg Saint-Denis, 75010 Paris, France",4.4,1470,,48.8726101,2.3545454,"2025-02-23 23:55:32.420795"
ChIJKR6YktAS5kcRGIRGyiDTqcM,"Pizza kebab istanbul","221 Rue de Brément, 93130 Noisy-le-Sec, France",4.2,189,,48.8870406,2.4695295,"2025-02-23 23:55:32.378488"
ChIJB7Pgha5x5kcR5wNsIJ2IL6I,"Planet Food","138 Av. du Général Leclerc, 75014 Paris, France",3.4,334,,48.8236281,2.325413,"2025-02-23 23:55:32.389903"
ChIJm82Eyglu5kcRjy1b-DejaJ4,"Planet Istanbul","24 Rue du Faubourg du Temple, 75011 Paris, France",4.0,170,,48.8684812,2.3665914,"2025-02-23 23:55:32.425179"
ChIJAQCErxNu5kcR4qXQuY1Z5Xo,"RESTAURANT CHEZ VOUS - Spécialités Turques","8 R. des Petites Écuries, 75010 Paris, France",3.6,8,,48.8731366,2.3536293,"2025-02-23 23:55:32.418988"
ChIJcwQRX8dv5kcRoIjqZj__x4E,"RESTAURANT LE BOSPHORE 90","90 Rue Victor Hugo, 92300 Levallois-Perret, France",4.5,231,,48.89603,2.2965412,"2025-02-23 23:55:32.409219"
ChIJC_OIh0Nz5kcRO38k6j9-x5c,"ROOTS OF BERLIN Berliner kebab","21 Bd Soult, 75012 Paris, France",5.0,97,,48.8368584,2.4075586,"2025-02-23 23:55:32.394990"
ChIJlxCRsrFv5kcRcYW4Iouxnoc,"Rapido Legendre","58 Rue Legendre, 75017 Paris, France",3.8,87,,48.8851208,2.3160377,"2025-02-23 23:55:32.391091"
ChIJ1d5GGzNs5kcR8QdZArdV3qQ,"Restaurant * Saray * Istanbul","33 Av. Corentin Cariou, 75019 Paris, France",4.0,530,,48.8974542,2.3850069,"2025-02-23 23:55:32.385813"
ChIJS8Ab-dNt5kcRcNQC9wpuKv8,"Restaurant ADANA Spécialités turques","197 Rue de Crimée, 75019 Paris, France",4.5,580,,48.8912946,2.3758575,"2025-02-23 23:55:32.417894"
ChIJX5RBS6lv5kcR6J79oSBjh0s,"Restaurant Adana","168 Av. de Clichy, 75017 Paris, France",4.2,434,,48.8919879,2.3181101,"2025-02-23 23:55:32.427153"
ChIJIzfvmlVu5kcR7tG-IkKWGgk,"Restaurant Amigo Arkadas","134 Av. de Saint-Ouen, 75018 Paris, France",4.0,149,,48.8960971,2.3286596,"2025-02-23 23:55:32.417195"
ChIJE7gZt1Ju5kcRJfK6nKgrsFQ,"Restaurant Anatolie","70 Av. de Clichy, 75017 Paris, France",4.2,186,,48.8878782,2.3251149,"2025-02-23 23:55:32.426068"
ChIJd5rcampy5kcRe_LW3BnEyUo,"Restaurant Antalya","284 Rue de Charenton, 75012 Paris, France",4.6,420,,48.8362469,2.3919015,"2025-02-23 23:55:32.382840"
ChIJZ4x8huNz5kcRlM2JHu5_NCU,"Restaurant Beyti Villejuif","Restaurant Beyti, 4 Av. de Stalingrad, 94800 Villejuif, France",4.1,449,,48.7883169,2.3665747,"2025-02-23 23:55:32.408051"
ChIJYxM62ARy5kcR6Xa-ZR88e5U,"Restaurant Bodrum Gare de Lyon","1Rue Abel, Rue Abel, 75012 Paris, France",4.5,532,,48.8461838,2.3743801,"2025-02-23 23:55:32.402867"
ChIJx6O4s95t5kcR3OFW4g4CscA,"Restaurant Bolivar Specialites Turques","123 Av. Simon Bolivar, 75019 Paris, France",4.7,154,,48.8806466,2.3738312,"2025-02-23 23:55:32.418523"
ChIJc37PoA1u5kcRsF49pr0HgCY,"Restaurant Delena Delices D'anatolie Specialites Turques","56 Bd de Magenta, 75010 Paris, France",4.4,47,,48.8734618,2.3588552,"2025-02-23 23:55:32.418307"
ChIJg8kIZRFu5kcRZXveIFnMU78,"Restaurant Derya","16 Rue du Faubourg Saint-Denis, 75010 Paris, France",4.4,1295,,48.8706115,2.3532424,"2025-02-23 23:55:32.424626"
ChIJw9pmON4T5kcReG87uIM67oI,"Restaurant Dijle Bobigny","21 Av. Edouard Vaillant, 93000 Bobigny, France",4.4,102,,48.9072662,2.4688551,"2025-02-23 23:55:32.391327"
ChIJB3A0kYlt5kcRWArdH3viR5A,"Restaurant Elite","23 Rue de Bagnolet, 75020 Paris, France",4.1,35,,48.8568376,2.3961606,"2025-02-23 23:55:32.406806"
ChIJL1hxbxFu5kcRhiCEslgF_0E,"Restaurant Ella","14 Rue du Faubourg Saint-Denis, 75010 Paris, France",4.4,1590,,48.8704505,2.3531595,"2025-02-23 23:55:32.416261"
ChIJ0eNA5ONt5kcRCA6Td3GllQE,"Restaurant Firat","175 Rue Saint-Maur, 75011 Paris, France",4.5,246,,48.8703504,2.3728153,"2025-02-23 23:41:29.423433"
ChIJXRg7SYFx5kcRV3c0ntnq9Lw,"Restaurant GAP","147 Av. d'Italie, 75013 Paris, France",4.0,368,,48.8202551,2.3594205,"2025-02-23 23:55:32.413175"
ChIJfQQHvH9y5kcRdW50T1S9TY8,"Restaurant Galatasaray","75020 Paris, France",4.2,140,,48.8532888,2.4099141,"2025-02-23 23:55:32.428737"
ChIJNwJ-9IRv5kcRgxIFMRBB5K0,"Restaurant Gap","34 Rue Gabriel Péri, 92300 Levallois-Perret, France",4.2,548,,48.8911998,2.2886433,"2025-02-23 23:55:32.371972"
ChIJt5zP-O9x5kcRi8gw7Q2DHAw,"Restaurant Istanbul","37 Rue Linné, 75005 Paris, France",4.3,227,,48.8458854,2.3544435,"2025-02-23 23:55:32.383988"
ChIJtZftz-5x5kcRD89qNYCZhZ0,"Restaurant Istanbul","66 Rue Mouffetard, 75005 Paris, France",2.8,234,,48.8428471,2.3495955,"2025-02-23 23:55:32.385459"
ChIJ9_P9AQxy5kcRFqyyd9QUHqk,"Restaurant Istanbul","188 Rue du Faubourg Saint-Antoine, 75012 Paris, France",3.2,42,,48.8501256,2.3833202,"2025-02-23 23:55:32.425356"
ChIJRRZ1zttv5kcRYLghF62BXAk,"Restaurant Istanbul","69 Av. de Clichy, 75017 Paris, France",4.3,54,,48.8877188,2.3249168,"2025-02-23 23:55:32.425535"
ChIJT_iMaspz5kcRzU-PbdaLrjo,"Restaurant Istanbul","102 Av. Georges Gosnat, 94200 Ivry-sur-Seine, France",3.9,378,,48.8116364,2.3843442,"2025-02-23 23:55:32.426252"
ChIJMT6eOX5x5kcRNiJn1COeu9w,"Restaurant Istanbul","157 Rue St Charles, 75015 Paris, France",4.5,19,,48.8423281,2.2819272,"2025-02-23 23:55:32.428354"
ChIJdTkp7wRy5kcRy_81LQmr9T8,"Restaurant Kebab ayasofya","9B Rue Michel Chasles, 75012 Paris, France",4.4,188,,48.8471297,2.3737167,"2025-02-23 23:55:32.367237"
ChIJo2htsR1u5kcRVnpzfHexqq0,"Restaurant La Goulette","59 Rue de la Verrerie, 75004 Paris, France",3.5,299,,48.8579097,2.352767,"2025-02-23 23:29:51.044031"
ChIJj7QvcMxx5kcRs85L8Pcdqvg,"Restaurant La Paix","14 Rue d'Odessa, 75014 Paris, France",4.3,1025,,48.8423015,2.3242934,"2025-02-23 23:55:32.409511"
ChIJpwgIGYJs5kcRQcikLGdF3Ac,"Restaurant Le Pacha","57 Av. de la Division Leclerc, 93350 Le Bourget, France",4.7,1576,,48.9341174,2.4247619,"2025-02-23 23:41:29.441619"
ChIJNeRApoRl5kcRYh7SzBrK8xU,"Restaurant Les 3 Atlas","121 Rue Armand Silvestre, 92400 Courbevoie, France",3.7,481,,48.9032704,2.2703745,"2025-02-23 23:55:32.392981"
ChIJn6ZRD39y5kcRaZxHi1yW7zM,"Restaurant Numidia","126 Rue d'Avron, 75020 Paris, France",4.5,8011,,48.8530305,2.4084808,"2025-02-23 23:55:32.424274"
ChIJ4Q_hcE5u5kcR4gLAexJCAhs,"Restaurant Paris Istanbul","6 Rue Caulaincourt, 75018 Paris, France",4.5,228,,48.8849811,2.3304144,"2025-02-23 23:55:32.406063"
ChIJnbE52BNu5kcRe325XQJHphM,"Restaurant Sancak","39 Rue du Faubourg Saint-Denis, 75010 Paris, France",4.2,284,,48.8712631,2.3533318,"2025-02-23 23:55:32.408712"
ChIJCeOZx1lu5kcR0I-4O8mLCto,"Restaurant Seç - Restaurant Turc à Paris","165 Rue Ordener, 75018 Paris, France",4.5,472,,48.8933573,2.3376281,"2025-02-23 23:55:32.419794"
ChIJvbRm2Upw5kcRU95g7_Gping,"Restaurant Sibel","59 Rue Raymond Losserand, 75014 Paris, France",4.3,300,,48.8344579,2.3192381,"2025-02-23 23:55:32.405773"
ChIJfzFQg3Nu5kcRrtFv7LLt-6k,"Restaurant bodrum","190 Rue du Faubourg Saint-Martin, 75010 Paris, France",4.8,952,,48.8787817,2.3625549,"2025-02-23 23:55:32.425000"
ChIJL8FXfd9v5kcR4h39SIPiQoU,"Restaurant la bonne nouvelle","44 Rue Poissonnière, 75002 Paris, France",2.8,120,,48.8703336,2.3480628,"2025-02-23 23:55:32.380744"
ChIJp-i48ktp5kcRk-2c6FW4q9k,"Restaurant le 129","129bis Rue Gabriel Péri, 93200 Saint-Denis, France",4.6,3791,,48.9404134,2.3564113,"2025-02-23 23:55:32.408264"
ChIJCdW9kjRy5kcRaNNtR0qbyBY,"Restaurante Paris-Istanbul","80 Av. Danielle Casanova, 94200 Ivry-sur-Seine, France",3.7,43,,48.8170367,2.3817896,"2025-02-23 23:17:03.597798"
ChIJWQhoCVxv5kcRpz2GkIE1FJk,"Restauration Délices Spécialités Turques","9 Rue du Faubourg Saint-Denis, 75010 Paris, France",3.8,147,,48.8701792,2.3527912,"2025-02-23 23:55:32.385636"
ChIJlWe36-hv5kcRa5xsX4pePCY,"Royal Kebab & Tacos","7 Rue de Chabrol, 75010 Paris, France",3.5,157,,48.8765067,2.3553179,"2025-02-23 23:55:32.367648"
ChIJk15pGxpv5kcRKPCGTbq5Yjc,"Sam kebab","168 Rue du Faubourg Poissonnière, 75010 Paris, France",3.9,27,,48.8825893,2.3497751,"2025-02-23 23:55:32.393161"
ChIJH0aCkIhv5kcRJGz28t61mpU,"Sandwich Kebab","1 Bd de Denain, 75010 Paris, France",3.9,41,,48.8790441,2.3540495,"2025-02-23 23:55:32.379452"
ChIJ5U9o7FNv5kcR738hLhZL8Tk,"Schön Dürüm","21 Rue Montorgueil, 75001 Paris, France",4.7,1199,,48.8640405,2.3463935,"2025-02-23 23:55:32.401624"
ChIJ8_4vbQ5y5kcRscRB_oRutIk,"Sefa Antalya","74 Bd Diderot, 75012 Paris, France",4.2,258,,48.8466688,2.3822223,"2025-02-23 23:55:32.406518"
ChIJqwTFUQBv5kcRnyRom-PbW3w,"Shawarmas house","96 Rue du Poteau, 75018 Paris, France",4.5,37,,48.8971317,2.3382246,"2025-02-23 23:55:32.410503"
ChIJ1WpGokdu5kcRPmz0mSchFwg,Sizin,"47 Rue Saint-Georges, 75009 Paris, France",4.5,682,,48.8777943,2.3372809,"2025-02-23 23:55:32.424451"
ChIJQ_yXcOJt5kcRShVtXdINy3E,"Sizin République","36 Rue du Faubourg du Temple, 75011 Paris, France",4.5,235,,48.869032,2.3684056,"2025-02-23 23:55:32.420155"
ChIJ4RF1Lq1v5kcRuYM8jvUA7pE,"Smash.B Élysée","37 bis Rue de Ponthieu, 75008 Paris, France",4.5,591,,48.8712908,2.3075469,"2025-02-23 23:55:32.421921"
ChIJIUYAsSJw5kcRI52kFUboIG8,"So good (حلال)","32 Rue Frémicourt, 75015 Paris, France",4.5,612,,48.8475318,2.2997037,"2025-02-23 23:55:32.384386"
ChIJ1aCRPul65kcRSxLDTIAFsuM,Sofra,"91 Av. Édouard Vaillant, 92100 Boulogne-Billancourt, France",4.3,572,,48.8340778,2.2455467,"2025-02-23 23:55:32.404137"
ChIJq151oppv5kcRBtfmJ7UONdc,"Specialites Turques","21 Rue Villeneuve, 92110 Clichy, France",4.2,18,,48.9040604,2.3068943,"2025-02-23 23:55:32.418751"
ChIJ__gMILBv5kcRYdDhzDWyrWk,"Specialités Traiteur Turc Turkuaz","161 Rue de Rome, 75017 Paris, France",4.4,178,,48.8869832,2.3147274,"2025-02-23 23:55:32.418094"
ChIJA_GsK4p65kcRGb3KaG-O-Ok,"Sultan Kebab","132 Av. de Verdun, 92130 Issy-les-Moulineaux, France",4.1,558,,48.8200995,2.2571354,"2025-02-23 23:55:32.377654"
ChIJvY3SgI9x5kcRNIxYyMKooAs,"SÜPER DÖNER - Néo Kebab","101 Bd de l'Hôpital, 75013 Paris, France",4.8,468,,48.8372246,2.3601027,"2025-02-23 23:32:14.925162"
ChIJ91OJTBRv5kcRkQLUmK35iLs,"Sürpriz","28 Rue Pierre Fontaine, 75009 Paris, France",4.9,98,,48.8823628,2.3337968,"2025-02-23 23:55:32.393338"
ChIJS3pDR-9t5kcRMc9G7WPYbCA,"Sürpriz","110 Rue Oberkampf, 75011 Paris, France",4.7,1845,,48.86596,2.3790803,"2025-02-23 23:55:32.399075"
ChIJDXSV0PFz5kcRAFPl4hedFFU,"Sürpriz","5 Rue de la Roquette, 75011 Paris, France",4.7,183,,48.8539007,2.3707264,"2025-02-23 23:55:32.399308"
ChIJI_kr0bxv5kcR6BSfN9996E8,"Sürpriz - Berliner Kebab","28 Boulevard St Denis, 75010 Paris, France",4.5,1129,,48.8698845,2.352976,"2025-02-23 23:55:32.380955"
ChIJma2vCCNz5kcRJHwwMcQUx9c,"T9 Foodies & Grill","42 Av. Henri Barbusse, 94400 Vitry-sur-Seine, France",4.4,214,,48.7928624,2.3892762,"2025-02-23 23:55:32.413698"
ChIJMTts4yZw5kcRuIF64ALQar0,"TOUR FOOD","24 Av. de Tourville, 75007 Paris, France",3.9,793,,48.8542579,2.3069844,"2025-02-23 23:55:32.384567"
ChIJibqqsj9v5kcRxoccBDSDPXI,"Tacos Royal","20 Rue Eugène Varlin, 75010 Paris, France",4.7,24,,48.8789475,2.3636821,"2025-02-23 23:55:32.369347"
ChIJYauphhlu5kcREzG0hR6pnJA,"Turbigo Sandwich","18 R. de Turbigo, 75002 Paris, France",3.5,152,,48.8640146,2.350319,"2025-02-23 23:55:32.370839"
ChIJESfhgyRv5kcROVipoQYeB4E,"Turkish pizza","48 bis Rue du Faubourg Saint-Denis, 75010 Paris, France",4.7,950,,48.8718075,2.3539684,"2025-02-23 23:55:32.423546"
ChIJ-0-6JkNv5kcRL12pd962ZIM,"Unik Berliner - Paris Châtelet","11 Rue de la Ferronnerie, 75001 Paris, France",4.8,299,,48.8601689,2.3476766,"2025-02-23 23:55:32.398447"
ChIJq6p-meN65kcRuz-q-o3PxyE,Usta,"100 Av. du Général Leclerc, 92100 Boulogne-Billancourt, France",4.1,1471,,48.8311689,2.2347471,"2025-02-23 23:55:32.387470"
ChIJI7UujsRv5kcRATZ9iNLc85I,"Va te faire food","58 Blvd Marguerite de Rochechouart, 75018 Paris, France",4.6,424,,48.8832897,2.3451744,"2025-02-23 23:55:32.411261"
ChIJBaT7vxVv5kcRb-GoQpDMSXE,"Vegan Berliner House | Kebab Vegan","26 Rue Sainte-Foy, 75002 Paris, France",4.3,42,,48.8688058,2.3518026,"2025-02-23 23:55:32.400659"
ChIJXVJu19Zz5kcRdLcx8HrY7jw,"Vincennes Food","20 Av. de Paris, 94300 Vincennes, France",3.5,119,,48.8449964,2.4359081,"2025-02-23 23:55:32.414458"
ChIJ9x4q5uBx5kcRGHyOx2QdIko,"Welcome to Istanbul","4 Rue du Petit Pont, 75005 Paris, France",4.2,1114,,48.852589,2.3463492,"2025-02-23 23:55:32.403275"
ChIJwcFXDH9x5kcRExvWcf2vfmo,ZARA,"28 Av. de Fontainebleau, 94270 Le Kremlin-Bicêtre, France",4.0,386,,48.8143124,2.3606723,"2025-02-23 23:55:32.416809"
ChIJ29sHWvJt5kcRewfa-8e6oSk,Zagros,"58 Bd de Ménilmontant, 75020 Paris, France",4.4,422,,48.8636804,2.3871173,"2025-02-23 23:29:51.077019"
ChIJga27Haxv5kcRKoMYoCyib_g,Zelal,"152 Av. de Clichy, 75017 Paris, France",4.2,782,,48.8912313,2.3193961,"2025-02-23 23:55:32.372592"
ChIJPaH9LgBv5kcRnzefU30rLQQ,"« Urfa Dürüm 2 »","10 Rue du Faubourg Saint-Denis, 75010 Paris, France",4.0,29,,48.870251,2.3530146,"2025-02-23 23:55:32.422342"
ChIJVVUJb8Fv5kcR5jAi5KjtaS8,"Élysées Istanbul","19 Rue de Berri, 75008 Paris, France",4.3,1496,,48.8727131,2.3045139,"2025-02-23 23:55:32.404420"
ChIJVwk8YcFv5kcRQeUuzG1lqDc,"Élysées Ottoman","70 Rue de Ponthieu, 75008 Paris, France",4.1,2211,,48.8723291,2.3047689,"2025-02-23 23:55:32.407623"
ChIJO9H4YANy5kcROqGgHv-XFhQ,"Турски ресторант ""Кападокия""","17 Rue de Lyon, 75012 Paris, France",4.0,262,,48.847059,2.3715937,"2025-02-23 23:29:51.079906"
